{
  "baseline_v2": {
    "mean_l1": 0.18266780197620391,
    "mean_psnr_sample": 16.69187984466553,
    "failed_count_fixed": 29,
    "hardcase_pass_rate": 0.0
  },
  "p25_v2": {
    "mean_l1": 0.1480134269595146,
    "mean_psnr_sample": 17.745494499206544,
    "failed_count_fixed": 14,
    "hardcase_pass_rate": 0.391304347826087
  },
  "p26_best_v2": {
    "mean_l1": 0.14337386280298234,
    "mean_psnr_sample": 17.870978546142577,
    "failed_count_fixed": 13,
    "hardcase_pass_rate": 0.43478260869565216
  },
  "p26_last_v2": {
    "mean_l1": 0.14458625376224518,
    "mean_psnr_sample": 17.977037887573243,
    "failed_count_fixed": 15,
    "hardcase_pass_rate": 0.34782608695652173
  },
  "transition_p25_to_p26_fixed": {
    "persistent": [
      "24",
      "26",
      "50",
      "52",
      "53",
      "333",
      "360",
      "493",
      "561",
      "575",
      "612",
      "666"
    ],
    "fixed": [
      "15",
      "692"
    ],
    "new": [
      "664"
    ]
  },
  "group_rates": {
    "bone_total": {
      "1": 42,
      "3": 18,
      "2": 40
    },
    "bone_rate_p25": {
      "1": 0.19047619047619047,
      "3": 0.05555555555555555,
      "2": 0.125
    },
    "bone_rate_p26": {
      "1": 0.21428571428571427,
      "3": 0.05555555555555555,
      "2": 0.075
    },
    "sex_total": {
      "male": 48,
      "female": 52
    },
    "sex_rate_p25": {
      "male": 0.08333333333333333,
      "female": 0.19230769230769232
    },
    "sex_rate_p26": {
      "male": 0.10416666666666667,
      "female": 0.15384615384615385
    }
  }
}